[
  {
    "name": "theme_info",
    "theme_name": "Holiday Redirect Theme",
    "theme_version": "1.0.0",
    "theme_author": "Holiday Brand",
    "theme_documentation_url": "",
    "theme_support_url": ""
  },
  {
    "name": "Redirect Settings",
    "settings": [
      {
        "type": "header",
        "content": "This theme redirects all traffic to holidayisoffline.com"
      },
      {
        "type": "paragraph",
        "content": "Only checkout, cart, and account pages are accessible. All other pages redirect immediately."
      }
    ]
  }
]
